<?xml version="1.0" encoding="UTF-8"?>

<foodrtrt>
  <head>
    <list_total_count>663</list_total_count>
    <RESULT>
      <CODE>INFO-000</CODE>
      <MESSAGE>정상 처리되었습니다.</MESSAGE>
    </RESULT>
  </head>
  <row>
    <GNG_CS>중구</GNG_CS>
    <BUS>버스 정류장은 `2.28기념중앙공원건너2 ` 정류장이 가장 가깝습니다.</BUS>
    <BZ_NM>읍내밥집</BZ_NM>
    <TLNO>053-422-4248</TLNO>
    <MBZ_HR>11:30 ~ 22:00</MBZ_HR>
    <SEAT_CNT>60석</SEAT_CNT>
    <PKPL>주차불가</PKPL>
    <HP>없음</HP>
    <PSB_FRN>기타 ()</PSB_FRN>
    <BKN_YN>가능</BKN_YN>
    <INFN_FCL>불가능</INFN_FCL>
    <BRFT_YN>불가능</BRFT_YN>
    <DSSRT_YN>가능</DSSRT_YN>
    <MNU>간고등어 정식 2인분 16,000원 쇠고기 된장 6,000원우렁된장 6,000원 * 기타파전 8000 빈대떡 5000</MNU>
    <SMPL_DESC>삐거덕 거리는 문을 열고 들어가면 옛날 토담집 안을 들어온듯한 느낌이 들 정도로 실내 장식에 신경을 써 놓았다. 비싸지 않은 음식값에 동동주 한잔도 곁들여 먹을 수 있는 집으로 맛깔스런 간고등어와 토속적인 된장찌개가 일품이다.</SMPL_DESC>
    <SBW>지하철 1호선 중앙로역 2번 출구 약 700m</SBW>
    <FD_CS>한식</FD_CS>
  </row>
  <row>
    <GNG_CS>중구</GNG_CS>
    <BUS>버스 정류장은 `봉산문화거리건너` 정류장이 가장 가깝습니다.</BUS>
    <BZ_NM>서울족발보쌈</BZ_NM>
    <TLNO>053-421-1199</TLNO>
    <MBZ_HR>12:00 ~ 01:00</MBZ_HR>
    <SEAT_CNT>112석</SEAT_CNT>
    <PKPL>주차불가</PKPL>
    <HP>없음</HP>
    <PSB_FRN>일본어 기타 ()</PSB_FRN>
    <BKN_YN>가능</BKN_YN>
    <INFN_FCL>불가능</INFN_FCL>
    <BRFT_YN>불가능</BRFT_YN>
    <DSSRT_YN>가능</DSSRT_YN>
    <MNU>족발 30,000원/38,000원 보쌈 25,000원/30,000원/35,000원모듬스페셜 (족발 오리 보쌈) 30,000원/38,000원 냉채족발 25,000원/33,000원</MNU>
    <SMPL_DESC>20여년간 꾸준히 고객들의 사랑을 받아오고 있는 족발전문점으로 순수 국산육을 사용하여 맛과 향에 차별화를 두고 있으며 오랜 노하우와 제조기법으로 손님의 입맛을 사로잡고 있다.</SMPL_DESC>
    <SBW>지하철 2호선 반월당역 10번 출구 약 300m</SBW>
    <FD_CS>한식</FD_CS>
  </row>
  <row>
    <GNG_CS>중구</GNG_CS>
    <BUS>버스 정류장은 `CGV대구한일앞` 정류장이 가장 가깝습니다.</BUS>
    <BZ_NM>상주식당</BZ_NM>
    <TLNO>053-425-5924</TLNO>
    <MBZ_HR>09:00 ~ 21:00</MBZ_HR>
    <SEAT_CNT>80석</SEAT_CNT>
    <PKPL>주변 유료주차</PKPL>
    <HP>없음</HP>
    <PSB_FRN>일본어 기타 ()</PSB_FRN>
    <BKN_YN>가능</BKN_YN>
    <INFN_FCL>불가능</INFN_FCL>
    <BRFT_YN>불가능</BRFT_YN>
    <DSSRT_YN>불가능</DSSRT_YN>
    <MNU>추어탕 + 밥 8.,000원</MNU>
    <SMPL_DESC>대구에서 가장 오래된 추어탕집이다. 매년 12월 21일~2월 28일은 장사를 안한다. 고랭지배추가 나질 않고 자연산 미꾸라지가 동면에 들어가기 때문이다. 경상도 추어탕의 정수로 영남지방은 물론 전국의 추어탕 마니아들과 미식가들이 많이 찾는다.</SMPL_DESC>
    <SBW>지하철 1호선 중앙로역 2번 출구 약 250m</SBW>
    <FD_CS>한식</FD_CS>
  </row>
  <row>
    <GNG_CS>중구</GNG_CS>
    <BUS>버스 정류장은 `2.28기념중앙공원건너2 ` 정류장아 가장 가깝습니다.</BUS>
    <BZ_NM>부산안면옥</BZ_NM>
    <TLNO>053-424-9389</TLNO>
    <MBZ_HR>11:00 ~ 21:30</MBZ_HR>
    <SEAT_CNT>176석</SEAT_CNT>
    <PKPL>주변유료주차</PKPL>
    <HP>없음</HP>
    <PSB_FRN>기타 ()</PSB_FRN>
    <BKN_YN>가능</BKN_YN>
    <INFN_FCL>불가능</INFN_FCL>
    <BRFT_YN>불가능</BRFT_YN>
    <DSSRT_YN>불가능</DSSRT_YN>
    <MNU>냉면 7500원 수육 28,000원쟁반 55,000원</MNU>
    <SMPL_DESC>46년 을 이어온 대를 이은 맛집 시류에 영합하지 않고 재래식 방법을 그대로 고집하고 있는 업소이다.동절기에는 양질의 음식원료를 구하기 힘들어 추석날 부터 다음달 3월까지 영업하지 않는다.</SMPL_DESC>
    <SBW>지하철 1호선 중앙로역 3번 출구 약 550m</SBW>
    <FD_CS>한식</FD_CS>
  </row>
  <row>
    <GNG_CS>중구</GNG_CS>
    <BUS>버스 정류장은 `방천시장(김광석길)건너` 정류장이 가장 가깝습니다.</BUS>
    <BZ_NM>제주함지박</BZ_NM>
    <TLNO>053-424-0805</TLNO>
    <MBZ_HR>12:00 ~ 21:00</MBZ_HR>
    <SEAT_CNT>40석</SEAT_CNT>
    <PKPL>주차불가</PKPL>
    <HP>없음</HP>
    <PSB_FRN>기타 ()</PSB_FRN>
    <BKN_YN>가능</BKN_YN>
    <INFN_FCL>불가능</INFN_FCL>
    <BRFT_YN>불가능</BRFT_YN>
    <DSSRT_YN>가능</DSSRT_YN>
    <MNU>고등어 밥상 10,000원 돼지불고기 밥상 10,000원</MNU>
    <SMPL_DESC>종가집 맏며느리가 직접 운영하는 음식점으로 아늑하고 편안한 실내분위기가 좋다. 제주도에서 매일 직송한 신선한 생선을 구워 제공하는 생선구이 정식이 일품이다.</SMPL_DESC>
    <SBW>지하철 2호선 경대병원역 4번 출구 약 140m</SBW>
    <FD_CS>한식</FD_CS>
  </row>
  <row>
    <GNG_CS>중구</GNG_CS>
    <BUS>버스 정류장은 `곽병원건너` 정류장이 가장 가깝습니다.</BUS>
    <BZ_NM>백세정</BZ_NM>
    <TLNO>053-255-3285</TLNO>
    <MBZ_HR>10:30 ~ 22:00</MBZ_HR>
    <SEAT_CNT>60석</SEAT_CNT>
    <PKPL>4대정도</PKPL>
    <HP>없음</HP>
    <PSB_FRN>기타 ()</PSB_FRN>
    <BKN_YN>가능</BKN_YN>
    <INFN_FCL>불가능</INFN_FCL>
    <BRFT_YN>불가능</BRFT_YN>
    <DSSRT_YN>가능</DSSRT_YN>
    <MNU>고등어구이 7,000원 고등어우거지 7,000원</MNU>
    <SMPL_DESC>신선하고 담백한 맛의 생선구이정식 전문점으로 인공조미료를 사용하지 않고 소금위주의 재료를 사용하여 참맛을 내고 있다.</SMPL_DESC>
    <SBW>지하철 1호선 중앙로역 1번 출구 약 430m</SBW>
    <FD_CS>한식</FD_CS>
  </row>
  <row>
    <GNG_CS>중구</GNG_CS>
    <BUS>버스 정류장은 `남산초등학교건너` 정류장이 가장 가깝습니다.</BUS>
    <BZ_NM>미성당</BZ_NM>
    <TLNO>053-255-0742</TLNO>
    <MBZ_HR>10:00 ~ 21:00, 공휴일/토.일요일 10:00 ~ 20:00</MBZ_HR>
    <SEAT_CNT>36석</SEAT_CNT>
    <PKPL>3대</PKPL>
    <HP>없음</HP>
    <PSB_FRN>기타 ()</PSB_FRN>
    <BKN_YN>예약불가</BKN_YN>
    <INFN_FCL>불가능</INFN_FCL>
    <BRFT_YN>불가능</BRFT_YN>
    <DSSRT_YN>불가능</DSSRT_YN>
    <MNU>납작만두 (小) 3,000원 (大) 3,500원 쫄면 4,000원우동 3,000원 라면 3,000원</MNU>
    <SMPL_DESC>미성당 납작만두가 오랫동안 사랑받아 온 것은 다 이유가 있다는 데 특히나 맛과 전통에 대한 자부심이 강하다. 그래서 인지 다양한 음식을 판매하지 않고 납작만두만 판매하고 있다. (곁들여 먹으면 좋은 쫄면, 라면, 우동 정도가 이곳에서 판매하는 음식의 전부이다.)</SMPL_DESC>
    <SBW>지하철 3호선 신남역 4번 출구 약 60m 지하철 2호선 신남역 2번 출구 약 180m</SBW>
    <FD_CS>한식</FD_CS>
  </row>
  <row>
    <GNG_CS>중구</GNG_CS>
    <BUS>버스 정류장은 `경상감영공원건너` 정류장이 가장 가깝습니다.</BUS>
    <BZ_NM>마산설렁탕</BZ_NM>
    <TLNO>053-254-4317</TLNO>
    <MBZ_HR>07:00 ~ 21:30</MBZ_HR>
    <SEAT_CNT>70</SEAT_CNT>
    <PKPL>주차불가</PKPL>
    <HP>없음</HP>
    <PSB_FRN>기타 ()</PSB_FRN>
    <BKN_YN>가능</BKN_YN>
    <INFN_FCL>불가능</INFN_FCL>
    <BRFT_YN>가능</BRFT_YN>
    <DSSRT_YN>불가능</DSSRT_YN>
    <MNU>설렁탕 7,000원 수육 14,000원~20,000원양탕 9,000원</MNU>
    <SMPL_DESC>30년 가까운 전통을 자랑하는 업소로 푹 고은 진한 사골국물맛이 일품이다. 가마솥에 한우사골을 24시간 우려내어 고소하고 담백하다.</SMPL_DESC>
    <SBW>지하철 1호선 중앙로역 4번 출구 약 250m</SBW>
    <FD_CS>한식</FD_CS>
  </row>
  <row>
    <GNG_CS>중구</GNG_CS>
    <BUS>버스 정류장은 `수창초등학교` 정류장이 가장 가깝습니다.</BUS>
    <BZ_NM>마당갈비</BZ_NM>
    <TLNO>053-255-2324</TLNO>
    <MBZ_HR>10:00 ~ 22:00</MBZ_HR>
    <SEAT_CNT>80석</SEAT_CNT>
    <PKPL>주차불가</PKPL>
    <HP>없음</HP>
    <PSB_FRN>기타 ()</PSB_FRN>
    <BKN_YN>가능</BKN_YN>
    <INFN_FCL>불가능</INFN_FCL>
    <BRFT_YN>불가능</BRFT_YN>
    <DSSRT_YN>가능</DSSRT_YN>
    <MNU>연탄갈비 8,000원 갈 비 찜 9,000원</MNU>
    <SMPL_DESC>1984년 오픈한 이래 갈빗대가 붙은 진짜 돼지갈비만을 꾸준히 취급해온 돼지갈비 전문점이다. 돼지갈비찜 또한 일품. 동인동 쇠갈비찜식으로 내어놓는데 부드러운 맛에 구분이 어렵다.</SMPL_DESC>
    <SBW>지하철 3호선 달성공원역 1번 출구 약 35m</SBW>
    <FD_CS>한식</FD_CS>
  </row>
  <row>
    <GNG_CS>중구</GNG_CS>
    <BUS>버스정류장은 `경북대학교병원앞` 정류장이 가장 가깝습니다.</BUS>
    <BZ_NM>마당 - 갈매기살 전문점</BZ_NM>
    <TLNO>053-423-1352</TLNO>
    <MBZ_HR>12:00 ~ 22:00</MBZ_HR>
    <SEAT_CNT>84석</SEAT_CNT>
    <PKPL>없음</PKPL>
    <HP>없음</HP>
    <PSB_FRN>기타 ()</PSB_FRN>
    <BKN_YN>가능</BKN_YN>
    <INFN_FCL>불가능</INFN_FCL>
    <BRFT_YN>불가능</BRFT_YN>
    <DSSRT_YN>가능</DSSRT_YN>
    <MNU>갈매기살 11,000원 잔치국수 4,000원</MNU>
    <SMPL_DESC>22년째 이어오는 갈매기살 전문점으로 갈매기살 한가지만 취급한다.단백하면서도 깔끔한 맛은 한번 찾은 손님은 꼭 다시 찾게 되는 업소이다.끝에 먹는 잔치국수 또한 별미이다.</SMPL_DESC>
    <SBW>지하철 2호선 경대병원역 4번 출구 약 370m</SBW>
    <FD_CS>한식</FD_CS>
  </row>
  <row>
    <GNG_CS>중구</GNG_CS>
    <BUS>버스 정류장은 `청구타운건너` 정류장이 가장 가깝습니다.</BUS>
    <BZ_NM>로타리식당</BZ_NM>
    <TLNO>053-256-7983</TLNO>
    <MBZ_HR>12:00 ~ 22:00</MBZ_HR>
    <SEAT_CNT>13석</SEAT_CNT>
    <PKPL>주차불가</PKPL>
    <HP>없음</HP>
    <PSB_FRN>기타 ()</PSB_FRN>
    <BKN_YN>가능</BKN_YN>
    <INFN_FCL>불가능</INFN_FCL>
    <BRFT_YN>불가능</BRFT_YN>
    <DSSRT_YN>가능</DSSRT_YN>
    <MNU>추어탕 10,000원 돼지고기전골(1인분) 10,000원솔잎돼지고기 30,000원 문어 30,000원양념장어 30,000원</MNU>
    <SMPL_DESC>옛날 추어탕을 맛볼 수 있는 업소로 허름한 한옥집으로 장소가 그리 넉넉하지 못하나 대봉동 로타리 추어탕은 할머니가 전통 추어탕 그대로 조리하여 인기를 모으는 집이다.</SMPL_DESC>
    <SBW>지하철 2호선 경대병원역 3번 출구 약 340m</SBW>
    <FD_CS>한식</FD_CS>
  </row>
  <row>
    <GNG_CS>중구</GNG_CS>
    <BUS>버스 정류장은 `곽병원건너` 정류장이 가장 가깝습니다.</BUS>
    <BZ_NM>동아전복</BZ_NM>
    <TLNO>053-255-1235</TLNO>
    <MBZ_HR>10:00 ~ 21:30</MBZ_HR>
    <SEAT_CNT>60석</SEAT_CNT>
    <PKPL>3대</PKPL>
    <HP>없음</HP>
    <PSB_FRN>기타 ()</PSB_FRN>
    <BKN_YN>가능</BKN_YN>
    <INFN_FCL>불가능</INFN_FCL>
    <BRFT_YN>불가능</BRFT_YN>
    <DSSRT_YN>가능</DSSRT_YN>
    <MNU>전복죽 13,000원 전복회덮밥 20,000원전복무침회 30,000원 전복구이/회/찜(1㎏) 150,000원전복야채볶음 60,000원</MNU>
    <SMPL_DESC>싱싱한 전복죽이 별미로 한번 맛본 손님은 다시 찾게 된다.</SMPL_DESC>
    <SBW>지하철 2호선 반월당역 18번 출구 약 350m</SBW>
    <FD_CS>한식</FD_CS>
  </row>
  <row>
    <GNG_CS>중구</GNG_CS>
    <BUS>버스 정류장은 `2.28기념중앙공원앞` 정류장이 가장 가깝습니다.</BUS>
    <BZ_NM>대하닭갈비</BZ_NM>
    <TLNO>053-427-3331</TLNO>
    <MBZ_HR>11:30 ~ 00:30</MBZ_HR>
    <SEAT_CNT>22석</SEAT_CNT>
    <PKPL>주변 유료주차</PKPL>
    <HP>없음</HP>
    <PSB_FRN>영어 기타 ()</PSB_FRN>
    <BKN_YN>가능</BKN_YN>
    <INFN_FCL>불가능</INFN_FCL>
    <BRFT_YN>불가능</BRFT_YN>
    <DSSRT_YN>가능</DSSRT_YN>
    <MNU>춘천닭갈비 9,500원 쟁반막국수 11,000원닭내장 9,500원 막국수 5,000원</MNU>
    <SMPL_DESC>이곳 대표님은 춘천에서 닭갈비 관련 일을 하시다가 대구로 내려 오셨습니다. 20년 동안의 노하우를 바탕으로 언제나 신선한 재료와 소스를 사용하여 항상 최고의 맛을 내왔고, 특히 소스는 누구도 흉내낼수 없는 대하만의 자랑이라고 하시네요.</SMPL_DESC>
    <SBW>지하철 1호선 중앙로역 2번 출구 약 500m</SBW>
    <FD_CS>한식</FD_CS>
  </row>
  <row>
    <GNG_CS>중구</GNG_CS>
    <BUS>버스 정류장은 `경북대학교병원앞` 정류장이 가장 가깝습니다.</BUS>
    <BZ_NM>대백칼국수</BZ_NM>
    <TLNO>053-423-2792</TLNO>
    <MBZ_HR>10:00 ~ 22:00</MBZ_HR>
    <SEAT_CNT>180석</SEAT_CNT>
    <PKPL>50대</PKPL>
    <HP>없음</HP>
    <PSB_FRN>기타 ()</PSB_FRN>
    <BKN_YN>가능</BKN_YN>
    <INFN_FCL>불가능</INFN_FCL>
    <BRFT_YN>불가능</BRFT_YN>
    <DSSRT_YN>가능</DSSRT_YN>
    <MNU>손칼국수 6,500원 해물파전 13,000원수육/암뽕 20,000원/25,000원 짬뽕(수육+암뽕) 25,000원/30,000원</MNU>
    <SMPL_DESC>시원하면서도 구수한 변함없는 맛으로 손님들에게 인기 있는 칼국수 전문점으로 울퉁불퉁한 국수면발에 육수 그리고 썬 풋고추 몇 개 간혹 보이는 호박 채 썬 것이 전부다. 그러나 맛은 옛날 할머니가 끓여주시는 밀가루 냄새 풀풀 날리는 포근한 맛 그 자체다.</SMPL_DESC>
    <SBW>지하철 2호선 경대병원역 4번 출구 약 200m</SBW>
    <FD_CS>한식</FD_CS>
  </row>
  <row>
    <GNG_CS>중구</GNG_CS>
    <BUS>버스 정류장은 `섬유회관건너2` 정류장이 가장 가깝습니다.</BUS>
    <BZ_NM>대동면옥</BZ_NM>
    <TLNO>053-255-4450</TLNO>
    <MBZ_HR>11:30 ~ 20:30</MBZ_HR>
    <SEAT_CNT>100석</SEAT_CNT>
    <PKPL>유료주차장</PKPL>
    <HP>없음</HP>
    <PSB_FRN>기타 ()</PSB_FRN>
    <BKN_YN>전화 요망</BKN_YN>
    <INFN_FCL>불가능</INFN_FCL>
    <BRFT_YN>불가능</BRFT_YN>
    <DSSRT_YN>가능</DSSRT_YN>
    <MNU>냉면 8,000 갈비탕 8,000수육 20,000원/30,000원</MNU>
    <SMPL_DESC>55년 내력이 있는 집이다. 대구를 대표하는 냉면전문점으로 변함없는 사랑을 받고 있다. 처음방문하는 사람은 업소를 찾기도 어렵다. 차도 들어가지 못하는 좁은 골목이 30년 전통을 말해 주고 있다. 먹기 전에 나오는 뜨거운 육수의 맛이 각별하다.</SMPL_DESC>
    <SBW>지하철 1호선 중앙로역 4번 출구 약 980m</SBW>
    <FD_CS>한식</FD_CS>
  </row>
  <row>
    <GNG_CS>중구</GNG_CS>
    <BUS>버스 정류장은 `CGV대구한일앞` 정류장이 가장 가깝습니다.</BUS>
    <BZ_NM>금곡삼계탕</BZ_NM>
    <TLNO>053-424-4449</TLNO>
    <MBZ_HR>11:00 ~ 22:00</MBZ_HR>
    <SEAT_CNT>130</SEAT_CNT>
    <PKPL>3</PKPL>
    <HP>없음</HP>
    <PSB_FRN>일본어 기타 ()</PSB_FRN>
    <BKN_YN>가능</BKN_YN>
    <INFN_FCL>불가능</INFN_FCL>
    <BRFT_YN>불가능</BRFT_YN>
    <DSSRT_YN>가능</DSSRT_YN>
    <MNU>영계삼계탕 12000원 전기구이 12,000원</MNU>
    <SMPL_DESC>20년간 변함없는 사랑을 받고 있다. 장안에서 삼계탕으로 이미 정평이 난 집이다. 국물 맛이 맑고 닭 특유의 냄새가 전혀 없다.</SMPL_DESC>
    <SBW>지하철 1호선 중앙로역 2번 출구 약 800m</SBW>
    <FD_CS>한식</FD_CS>
  </row>
  <row>
    <GNG_CS>중구</GNG_CS>
    <BUS>버스 정류장은 `경상감영공원건너` 정류장이 가장 가깝습니다.</BUS>
    <BZ_NM>녹양</BZ_NM>
    <TLNO>053-257-1796</TLNO>
    <MBZ_HR>12:00 ~ 24:00</MBZ_HR>
    <SEAT_CNT>30석</SEAT_CNT>
    <PKPL>주차불가</PKPL>
    <HP>없음</HP>
    <PSB_FRN>기타 ()</PSB_FRN>
    <BKN_YN>가능</BKN_YN>
    <INFN_FCL>불가능</INFN_FCL>
    <BRFT_YN>불가능</BRFT_YN>
    <DSSRT_YN>불가능</DSSRT_YN>
    <MNU>생고기 30,000원/40,000원/50,000원 모듬스페샬 60,000원곱창전골 30,000원/40,000원</MNU>
    <SMPL_DESC>생고기, 육회가 대구의 향토음식으로 자리매김하는데 노력하였다.한우 생고기만을 취급하고 있으며, 장류는 영업자가 직접 제조하여 녹양만의 비법을 자랑하고 있다.</SMPL_DESC>
    <SBW>지하철 1호선 중앙로역 4번 출구 약 110m</SBW>
    <FD_CS>한식</FD_CS>
  </row>
  <row>
    <GNG_CS>중구</GNG_CS>
    <BUS>버스 정류장은 `CGV대구한일앞` 정류장이 가장 가깝습니다.</BUS>
    <BZ_NM>청주버섯</BZ_NM>
    <TLNO>053-425-5668</TLNO>
    <MBZ_HR>11:00 ~ 21:30</MBZ_HR>
    <SEAT_CNT>99석</SEAT_CNT>
    <PKPL>주차불가</PKPL>
    <HP>없음</HP>
    <PSB_FRN>기타 ()</PSB_FRN>
    <BKN_YN>가능</BKN_YN>
    <INFN_FCL>불가능</INFN_FCL>
    <BRFT_YN>불가능</BRFT_YN>
    <DSSRT_YN>가능</DSSRT_YN>
    <MNU>버섯찌개 11,000원 버섯전골 12,000원버섯비빔밥 8,000원 돌솥비빔밥 9,000원</MNU>
    <SMPL_DESC>38년간의 고집과 전통으로 버섯의 독특한 향과 영양만점의 맛을 자랑하고 있으며, 고객을 위해 항상 연구 노력하는 자세로 최선을 다하는 버섯전문점 식당이다.</SMPL_DESC>
    <SBW>지하철 1호선 중앙로역 2번 출구 약 270m</SBW>
    <FD_CS>한식</FD_CS>
  </row>
  <row>
    <GNG_CS>중구</GNG_CS>
    <BUS>버스 정류장은 `경상감영공원건너` 정류장이 가장 가깝습니다.</BUS>
    <BZ_NM>너구리</BZ_NM>
    <TLNO>053-427-9292</TLNO>
    <MBZ_HR>13:30 ~ 24:00</MBZ_HR>
    <SEAT_CNT></SEAT_CNT>
    <PKPL>주차불가</PKPL>
    <HP>없음</HP>
    <PSB_FRN>일본어 기타 ()</PSB_FRN>
    <BKN_YN>가능</BKN_YN>
    <INFN_FCL>불가능</INFN_FCL>
    <BRFT_YN>불가능</BRFT_YN>
    <DSSRT_YN>가능</DSSRT_YN>
    <MNU>생고기 10,000원 ~ 15,000원 육회 10,000원 ~ 15,000원</MNU>
    <SMPL_DESC>최초영업자(정재인)는 현영업자(조인수)의 장인으로 6.25전쟁 이후 60년 초부터 영업을 시작하여 현재는 사위(조인수)가 대를 이어 47년째 영업하고 있다. 향촌동 생고기 취급업소로 최고의 맛과 질좋은 특등급 한우생고기인 "안동한우마을 특등급" 고기를 공급받고 있다.※ 위 업체는 레스토랑 평가서 블루리본 서베이에서 추천한 업체입니다.</SMPL_DESC>
    <SBW>지하철 1호선 중앙로역 4번 출구 약 70m</SBW>
    <FD_CS>한식</FD_CS>
  </row>
  <row>
    <GNG_CS>중구</GNG_CS>
    <BUS>버스 정류장은 `남문시장앞` 정류장이 가장 가깝습니다.</BUS>
    <BZ_NM>남문시장돼지보쌈골목</BZ_NM>
    <TLNO>각 음식점별</TLNO>
    <MBZ_HR>24시간</MBZ_HR>
    <SEAT_CNT>음식점별로 다름</SEAT_CNT>
    <PKPL>가게앞 노상</PKPL>
    <HP>없음</HP>
    <PSB_FRN>일본어 기타 ()</PSB_FRN>
    <BKN_YN>가능</BKN_YN>
    <INFN_FCL>불가능</INFN_FCL>
    <BRFT_YN>가능</BRFT_YN>
    <DSSRT_YN>가능</DSSRT_YN>
    <MNU>보쌈 돼지국밥수육 순대국밥</MNU>
    <SMPL_DESC>계산오거리 인쇄골목에서 남문시장 자동차부속골목 못가서 남문시장 뒤쪽 입구 주변에 약 20여 업체가 모여있는 대구의 명물거리로 보쌈을 주 메뉴로 영업하는 업소들이 밀집되어 있다.</SMPL_DESC>
    <SBW>지하철 1호선 명덕역 7번 출구 약 450m 지하철 3호선 명덕역 2번 출구 약 500m</SBW>
    <FD_CS>한식</FD_CS>
  </row>
  <row>
    <GNG_CS>중구</GNG_CS>
    <BUS>버스 정류장은 `섬유회관앞` 정류장이 가장 가깝습니다.</BUS>
    <BZ_NM>국일생갈비</BZ_NM>
    <TLNO>053-252-8700</TLNO>
    <MBZ_HR>10:00 ~ 22:00</MBZ_HR>
    <SEAT_CNT>200</SEAT_CNT>
    <PKPL>국제주차장2시간 무료</PKPL>
    <HP>www.gugilgalbi.co.kr</HP>
    <PSB_FRN>기타 ()</PSB_FRN>
    <BKN_YN>가능</BKN_YN>
    <INFN_FCL>불가능</INFN_FCL>
    <BRFT_YN>불가능</BRFT_YN>
    <DSSRT_YN>가능</DSSRT_YN>
    <MNU>생갈비 25,000원 불고기 13,000원양념갈비 25,000원 냉면 7,000원육개장 8,000원 갈비탕 8,000원</MNU>
    <SMPL_DESC>연주, 봉화를 비롯한 방방곡곡 찾아 헤매는 노력과 기름을 일일이 제거하고 직접 장만하여 손님상에 낸다. 조선된장으로 갈비뼈를 놓고 푹 우려낸다. 구수한 맛이 일품이다. 이 집의 별미 중 별미는 생갈비 구울 때 남겨둔 갈비뼈를 넣고 푹 우려낸 된장찌개이다.</SMPL_DESC>
    <SBW>지하철 3호선 서문시장역 1번 출구 약 290m</SBW>
    <FD_CS>한식</FD_CS>
  </row>
  <row>
    <GNG_CS>중구</GNG_CS>
    <BUS>버스 정류장은 `약령시앞` 정류장이 가장 가깝습니다.</BUS>
    <BZ_NM>국일따로국밥</BZ_NM>
    <TLNO>053-253-7623</TLNO>
    <MBZ_HR>24시간</MBZ_HR>
    <SEAT_CNT>120석</SEAT_CNT>
    <PKPL>건물뒤 유료주차장</PKPL>
    <HP>없음</HP>
    <PSB_FRN>영어 기타 ()</PSB_FRN>
    <BKN_YN>가능</BKN_YN>
    <INFN_FCL>불가능</INFN_FCL>
    <BRFT_YN>가능</BRFT_YN>
    <DSSRT_YN>가능</DSSRT_YN>
    <MNU>특따로국밥 7,000원 따로국밥 6,000원특따로국수 7,000원 따로국수 6,000원</MNU>
    <SMPL_DESC>1946년 국일따로 국밥의 창업자인 서동술 할아버지, 김이순 할머니가 옛날부터 전해 내려 오는 쇠고기 국밥을 조리해 왔고, 대구 따로국밥의 원조 기술을 전수 받아 딸(최영자)에게 대를 이어 70년째 운영하고 있다.</SMPL_DESC>
    <SBW>지하철 1호선 중앙로역 4번 출구 약 180m</SBW>
    <FD_CS>한식</FD_CS>
  </row>
  <row>
    <GNG_CS>중구</GNG_CS>
    <BUS>버스 정류장은 `만경관앞` 정류장이 가장 가깝습니다.</BUS>
    <BZ_NM>교동따로식당</BZ_NM>
    <TLNO>053-254-8923</TLNO>
    <MBZ_HR>24시간</MBZ_HR>
    <SEAT_CNT>60</SEAT_CNT>
    <PKPL>주변유료주차장</PKPL>
    <HP>없음</HP>
    <PSB_FRN>기타 ()</PSB_FRN>
    <BKN_YN>가능</BKN_YN>
    <INFN_FCL>불가능</INFN_FCL>
    <BRFT_YN>가능</BRFT_YN>
    <DSSRT_YN>가능</DSSRT_YN>
    <MNU>따로국밥 6,000원 특따로국밥 7,000원</MNU>
    <SMPL_DESC>한우사골을 엄선하여 10시간 이상 고아낸 국물을 우려낸 후 매일 매일 들어오는 신선한 야채와 선지를 함께 조리하여 한국인 특히 경상도 분들의 입맛에 맞는 대구 대표 음식이다.</SMPL_DESC>
    <SBW>지하철 1호선 중앙로역 4번 출구 약 250m</SBW>
    <FD_CS>한식</FD_CS>
  </row>
  <row>
    <GNG_CS>중구</GNG_CS>
    <BUS>버스 정류장은 `삼덕성당앞` 정류장이 가장 가깝습니다.</BUS>
    <BZ_NM>개정 본점</BZ_NM>
    <TLNO>053-424-7051</TLNO>
    <MBZ_HR>11:30 ~ 21:30</MBZ_HR>
    <SEAT_CNT>130</SEAT_CNT>
    <PKPL>주차장 없음. 주변 유료주차장 이용</PKPL>
    <HP>없음</HP>
    <PSB_FRN>영어 기타 ()</PSB_FRN>
    <BKN_YN>가능</BKN_YN>
    <INFN_FCL>불가능</INFN_FCL>
    <BRFT_YN>불가능</BRFT_YN>
    <DSSRT_YN>가능</DSSRT_YN>
    <MNU>냉면(물냉/비냉) 10,000원 전주비빔밥 10,000원전주특육회비빔밥 12,000원 돌솥비빔밥 11,000원돌솥특육회비빔밥 13,000원</MNU>
    <SMPL_DESC>대구에서 한식으로 명성을 떨치고 있는 개정은 전주비빔밥, 돌솥밥, 냉면등이 유명하다. 반찬도 깔끔하고 대구식 비빔밥의 진수를 보여 준다.</SMPL_DESC>
    <SBW>지하철 1호선 중앙로역 2번출구 약 600m</SBW>
    <FD_CS>한식</FD_CS>
  </row>
  <row>
    <GNG_CS>수성구</GNG_CS>
    <BUS>버스 정류장은 `수성랜드건너 ` 정류장이 가장 가깝습니다.</BUS>
    <BZ_NM>빈</BZ_NM>
    <TLNO>053-762-9977</TLNO>
    <MBZ_HR>11:00 ~ 02:00</MBZ_HR>
    <SEAT_CNT>90석</SEAT_CNT>
    <PKPL>15대</PKPL>
    <HP>없음</HP>
    <PSB_FRN>영어 기타 ()</PSB_FRN>
    <BKN_YN>가능</BKN_YN>
    <INFN_FCL>불가능</INFN_FCL>
    <BRFT_YN>불가능</BRFT_YN>
    <DSSRT_YN>가능</DSSRT_YN>
    <MNU>스파게티 16,000원 ~ 18,000원 스테이크 35,000원 ~ 40,000원</MNU>
    <SMPL_DESC>특급호텔 30년 경력의 조리부장이 이태리에서 직접 배운 이태리 요리를 맛볼 수 있는 이 곳은 가족과 연인들이 다정하게 식사를 즐길 수 있도록 탁트인 분위기를 조성하고 있다.</SMPL_DESC>
    <SBW>지하철 3호선 수성못역 1번 출구 약 730m</SBW>
    <FD_CS>세계요리</FD_CS>
  </row>
  <row>
    <GNG_CS>수성구</GNG_CS>
    <BUS>버스 정류장은 `들안길1` 정류장이 가장 가깝습니다.</BUS>
    <BZ_NM>초밥에 엔</BZ_NM>
    <TLNO>053-767-5620</TLNO>
    <MBZ_HR>11:00 ~ 24:00</MBZ_HR>
    <SEAT_CNT>120석</SEAT_CNT>
    <PKPL>40대</PKPL>
    <HP>없음</HP>
    <PSB_FRN>기타 ()</PSB_FRN>
    <BKN_YN>가능</BKN_YN>
    <INFN_FCL>불가능</INFN_FCL>
    <BRFT_YN>불가능</BRFT_YN>
    <DSSRT_YN>가능</DSSRT_YN>
    <MNU>사시미 정식(1인) 35,000원 스시 정식(1인) 25,000원</MNU>
    <SMPL_DESC>세련된 분위기 속에서 싱싱한 재료의 회와 함께 생생한 바다요리를 맛볼 수 있는 이 곳은 독특한 베트남 사시미도 맛볼 수 있는 정통 일식 요리점이다.</SMPL_DESC>
    <SBW>지하철 3호선 황금역 1번 출구 약 1.1km</SBW>
    <FD_CS>일식</FD_CS>
  </row>
  <row>
    <GNG_CS>수성구</GNG_CS>
    <BUS>버스 정류장은 `대구자연과학고앞` 정류장이 가장 가깝습니다.</BUS>
    <BZ_NM>봉창이해물칼국수</BZ_NM>
    <TLNO>053-793-0003</TLNO>
    <MBZ_HR>11:00 ~ 22:00</MBZ_HR>
    <SEAT_CNT>160석</SEAT_CNT>
    <PKPL>50대</PKPL>
    <HP>없음</HP>
    <PSB_FRN>기타 ()</PSB_FRN>
    <BKN_YN>가능</BKN_YN>
    <INFN_FCL>가능</INFN_FCL>
    <BRFT_YN>불가능</BRFT_YN>
    <DSSRT_YN>가능</DSSRT_YN>
    <MNU>해물칼국수 6,000원 찜만두 4,000원해물수제비 6,000원 얼큰칼국수 6,500원해초비빔밥 6,000원 해물파전 9,000원모듬샤브 8,500원</MNU>
    <SMPL_DESC>철저한 장인정신으로 손으로 직접 만들 칼국수의 맛을 즐길 수 있는 이 곳은 싱싱한 해물로 우려낸 육수와 쫄깃쫄깃한 면발이 손님의 입맛을 돋우고 있다.</SMPL_DESC>
    <SBW>지하철 2호선 신매역 2번 출구 약 470m</SBW>
    <FD_CS>한식</FD_CS>
  </row>
  <row>
    <GNG_CS>수성구</GNG_CS>
    <BUS>버스 정류장은 `노변중학교건너` 정류장이 가장 가깝습니다.</BUS>
    <BZ_NM>황토포크(시지점)</BZ_NM>
    <TLNO>053-794-4466</TLNO>
    <MBZ_HR>09:30 ~ 22:00</MBZ_HR>
    <SEAT_CNT>110석</SEAT_CNT>
    <PKPL>70대</PKPL>
    <HP>없음</HP>
    <PSB_FRN>기타 ()</PSB_FRN>
    <BKN_YN>가능</BKN_YN>
    <INFN_FCL>불가능</INFN_FCL>
    <BRFT_YN>불가능</BRFT_YN>
    <DSSRT_YN>가능</DSSRT_YN>
    <MNU>꽃갈비살 6,900원 허브숙성생오겹살 9,000원왕갈비 8,000원 소갈비찜 10,000원</MNU>
    <SMPL_DESC>대구월드컵 경기장이 바라보이는 곳에 위치한 이 곳은 녹색향기 짙은 허브갈비 전문점으로, 이곳의 고기는 와인과 허브 속에서 24시간 숙성돼 독특한 맛과 품격을 자랑한다.</SMPL_DESC>
    <SBW>지하철 2호선 고산역 2번 출구 약 650m</SBW>
    <FD_CS>한식</FD_CS>
  </row>
  <row>
    <GNG_CS>수성구</GNG_CS>
    <BUS>버스 정류장은 `경신고등학교건너` 정류장이 가장 가깝습니다.</BUS>
    <BZ_NM>안압정갈비</BZ_NM>
    <TLNO>053-743-3369</TLNO>
    <MBZ_HR>12:00 ~ 22:00</MBZ_HR>
    <SEAT_CNT>180석(룸19개)</SEAT_CNT>
    <PKPL>50대</PKPL>
    <HP>없음</HP>
    <PSB_FRN>영어 기타 ()</PSB_FRN>
    <BKN_YN>가능</BKN_YN>
    <INFN_FCL>불가능</INFN_FCL>
    <BRFT_YN>불가능</BRFT_YN>
    <DSSRT_YN>가능</DSSRT_YN>
    <MNU>양갈비(220g) 48,000원 힐링밥상 20,000원풀향기정식 40,000원 희한정식 60,000원</MNU>
    <SMPL_DESC>꽃과 나무, 폭포 등 자연을 그대로 옮겨 놓은 듯한 아름다운 자연경관이 입맛을 한층 돋우는 이 곳은, 최상품의 소고기와 자연식 반찬, 그리고 간장 게장 맛이 일품이다. 대구시 지정 친절음식점.</SMPL_DESC>
    <SBW>지하철 2호선 수성구청역 4번 출구 약 130m</SBW>
    <FD_CS>한식</FD_CS>
  </row>
  <row>
    <GNG_CS>수성구</GNG_CS>
    <BUS>버스 정류장은 `범성학원` 정류장이 가장 가깝습니다.</BUS>
    <BZ_NM>자금성</BZ_NM>
    <TLNO>053-767-6700</TLNO>
    <MBZ_HR>11:30 ~ 22:00</MBZ_HR>
    <SEAT_CNT>320석</SEAT_CNT>
    <PKPL>버스5대, 승용차60대</PKPL>
    <HP>없음</HP>
    <PSB_FRN>중국어&lt;BR&gt;기타 ()</PSB_FRN>
    <BKN_YN>가능</BKN_YN>
    <INFN_FCL>불가능</INFN_FCL>
    <BRFT_YN>불가능</BRFT_YN>
    <DSSRT_YN>가능</DSSRT_YN>
    <MNU>스페셜 전가복 120,000원 해물누룽지탕 70,000원금전전복 100,000원 탕수육 24,000원자장면 6,500원 우동 8,000원</MNU>
    <SMPL_DESC>중국의 성곽 모양을 표현한 정통 중국식 레스토랑이다. 개별실에서 풀코스 요리를 즐길 수 있다. 내부시설이나 건물의 위용이 손님접대하기 좋은 집이다.</SMPL_DESC>
    <SBW>지하철 3호선 황금역 1번 출구 약 410m</SBW>
    <FD_CS>중식</FD_CS>
  </row>
  <row>
    <GNG_CS>수성구</GNG_CS>
    <BUS>버스 정류장은 `덕화중학교앞` 정류장이 가장 가깝습니다.</BUS>
    <BZ_NM>누리마을 감자탕(들안길)</BZ_NM>
    <TLNO>053-765-0702</TLNO>
    <MBZ_HR>24시간</MBZ_HR>
    <SEAT_CNT>84석</SEAT_CNT>
    <PKPL>6대</PKPL>
    <HP>http://www.nurinuri.com/</HP>
    <PSB_FRN>영어 기타 ()</PSB_FRN>
    <BKN_YN>가능</BKN_YN>
    <INFN_FCL>불가능</INFN_FCL>
    <BRFT_YN>가능</BRFT_YN>
    <DSSRT_YN>가능</DSSRT_YN>
    <MNU>감자탕 25,000원 ~ 37,000원 등뼈찜 26,000원 ~ 38,000원</MNU>
    <SMPL_DESC>장수어르신 전문 음식점 지정 업체이다.</SMPL_DESC>
    <SBW>지하철 3호선 수성못역 1번 출구 약 830m</SBW>
    <FD_CS>한식</FD_CS>
  </row>
  <row>
    <GNG_CS>수성구</GNG_CS>
    <BUS>버스 정류장은 `수성랜드건너` 정류장이 가장 가깝습니다.</BUS>
    <BZ_NM>용지봉 식당</BZ_NM>
    <TLNO>053-783-8558</TLNO>
    <MBZ_HR>11:30 ~ 24:00</MBZ_HR>
    <SEAT_CNT>120석</SEAT_CNT>
    <PKPL>40대</PKPL>
    <HP>www.yongjibong.co.kr/</HP>
    <PSB_FRN>일본어 기타 ()</PSB_FRN>
    <BKN_YN>가능</BKN_YN>
    <INFN_FCL>불가능</INFN_FCL>
    <BRFT_YN>불가능</BRFT_YN>
    <DSSRT_YN>가능</DSSRT_YN>
    <MNU>한우갈비살(100g) 22,000원 한정식 17,000원 ~ 70,000원</MNU>
    <SMPL_DESC>청정 자연에서 키운 한우청의 초정암소 한우만 사용, 질이 매우 뛰어나며 향토음식의 한정식으로 유명한 맛집 입니다.</SMPL_DESC>
    <SBW>지하철 3호선 수성못역 1번 출구 약 950m</SBW>
    <FD_CS>한식</FD_CS>
  </row>
  <row>
    <GNG_CS>수성구</GNG_CS>
    <BUS>버스 정류장은 `새범어아파트앞` 정류장이 가장 가깝습니다.</BUS>
    <BZ_NM>안동촌잉어찜</BZ_NM>
    <TLNO>053-752-2588</TLNO>
    <MBZ_HR>10:00 ~ 22:00</MBZ_HR>
    <SEAT_CNT>55석</SEAT_CNT>
    <PKPL>10대</PKPL>
    <HP>www.andongchon.co.kr/</HP>
    <PSB_FRN>영어 기타 ()</PSB_FRN>
    <BKN_YN>가능</BKN_YN>
    <INFN_FCL>불가능</INFN_FCL>
    <BRFT_YN>불가능</BRFT_YN>
    <DSSRT_YN>가능</DSSRT_YN>
    <MNU>잉어/메기찜 35,000원 임산부용 영양식 잉어곰 195,000원자연산 쏘가리 매운탕 55,000원 메기 매운탕 20,000원자연산 잡어 매운탕 35,000원 산후조리용 가물치곰 225,000원기력회복용 장어곰 275,000원 용봉탕(하루전 예약) 250,000원장어구이(1kg) 120,000원</MNU>
    <SMPL_DESC>안동촌 잉어찜은 안동의 정통 잉어찜 요리를 현재 대구에서 유일하게 맛 볼수 있는 안동식 잉어찜 전문점입니다.</SMPL_DESC>
    <SBW>주변에 지하철이 없습니다.</SBW>
    <FD_CS>한식</FD_CS>
  </row>
  <row>
    <GNG_CS>수성구</GNG_CS>
    <BUS>버스 정류장은 `두산동주민센터건너` 정류장이 가장 가깝습니다.</BUS>
    <BZ_NM>대어초밥</BZ_NM>
    <TLNO>053-768-2323</TLNO>
    <MBZ_HR>10:00 ~ 22:00</MBZ_HR>
    <SEAT_CNT>250석</SEAT_CNT>
    <PKPL>80대</PKPL>
    <HP>없음</HP>
    <PSB_FRN>기타 ()</PSB_FRN>
    <BKN_YN>가능</BKN_YN>
    <INFN_FCL>불가능</INFN_FCL>
    <BRFT_YN>불가능</BRFT_YN>
    <DSSRT_YN>가능</DSSRT_YN>
    <MNU>회코스 50,000원 ~ 150,000원 초밥 15,000원 ~ 20,000원대구탕 아구탕 복어탕외 10,000원 ~ 20,000원 생선초밥 15,000원회덮밥 10,000원 물회정식 10,000원회초밥정식 20,000원 회정식 30,000원</MNU>
    <SMPL_DESC>- 자연산 활어를 전문으로 요리하는 정통 일식초밥 전문점으로 동,남해안 현지에서 구입한 싱싱한 자연산 활어회가 특징이고, 점심세트를 만들어 저렴하게 초밥을 먹을 수 있다.</SMPL_DESC>
    <SBW>지하철 3호선 수성못역 1번 출구 약 210m</SBW>
    <FD_CS>일식</FD_CS>
  </row>
  <row>
    <GNG_CS>수성구</GNG_CS>
    <BUS>버스 정류장은 `도시철도수성구청역북편1` 정류장이 가장 가깝습니다.</BUS>
    <BZ_NM>아트리움</BZ_NM>
    <TLNO>053-754-3111</TLNO>
    <MBZ_HR>11:00 - 23:00</MBZ_HR>
    <SEAT_CNT>120석</SEAT_CNT>
    <PKPL>50대</PKPL>
    <HP>www.atriumkorea.co.kr/</HP>
    <PSB_FRN>일본어 기타 ()</PSB_FRN>
    <BKN_YN>가능</BKN_YN>
    <INFN_FCL>불가능</INFN_FCL>
    <BRFT_YN>불가능</BRFT_YN>
    <DSSRT_YN>가능</DSSRT_YN>
    <MNU>사토브리앙스테이크 40,700원아트리움코스 59,000원 왕새우와 안심스테이크 44,000원파스타 22,000원 한국식스테이크 디너 35,000원양갈비스테이크 42,900원 라이브랍스타와안심스테이크 55,000원</MNU>
    <SMPL_DESC>주택가의 전원같은 별장, 편안한 분위기가 있는 음식점으로 아름다운 전경, 야경과 함께 스위스 전통요리인 풍퓨의 별미와 멋을 즐길수 있다. 재료 본래의 맛을 살린 스테이크가 유명하다.</SMPL_DESC>
    <SBW>지하철 2호선 수성구청역 1번 출구 약 530m</SBW>
    <FD_CS>세계요리</FD_CS>
  </row>
  <row>
    <GNG_CS>수성구</GNG_CS>
    <BUS>버스 정류장은 `한샘교회건너` 정류장이 가장 가깝습니다.</BUS>
    <BZ_NM>신짜오 (본점)</BZ_NM>
    <TLNO>053-765-6544</TLNO>
    <MBZ_HR>11:00 ~ 22:30</MBZ_HR>
    <SEAT_CNT>140석</SEAT_CNT>
    <PKPL>20대</PKPL>
    <HP>없음</HP>
    <PSB_FRN>영어 기타 ()</PSB_FRN>
    <BKN_YN>가능</BKN_YN>
    <INFN_FCL>불가능</INFN_FCL>
    <BRFT_YN>불가능</BRFT_YN>
    <DSSRT_YN>가능</DSSRT_YN>
    <MNU>해물 쌀국수 8,500원 쇠고기쌀국수 9,500원월남쌈 29,000원 ~ 35,000원</MNU>
    <SMPL_DESC>신짜오는 대구지역 베트남요리 1호점으로 순수 지역 브랜드이다. 2002년 대구에 베트남 쌀국수를 처음 소개한 업체로 동성로에 최초 1호점이 있고 수성구에 본점을 다시 오픈 하였다.</SMPL_DESC>
    <SBW>지하철 3호선 수성못역 1번 출구 약 720m</SBW>
    <FD_CS>세계요리</FD_CS>
  </row>
  <row>
    <GNG_CS>수성구</GNG_CS>
    <BUS>버스 정류장은 `법원앞` 정류장이 가장 가깝습니다.</BUS>
    <BZ_NM>TGI 프라이데이</BZ_NM>
    <TLNO>053-742-0321</TLNO>
    <MBZ_HR>11:00 ~ 23:00</MBZ_HR>
    <SEAT_CNT>280석(룸2)</SEAT_CNT>
    <PKPL>가능</PKPL>
    <HP>www.tgif.co.kr</HP>
    <PSB_FRN>영어 기타 ()</PSB_FRN>
    <BKN_YN>예약가능합니다.</BKN_YN>
    <INFN_FCL>가능</INFN_FCL>
    <BRFT_YN>불가능</BRFT_YN>
    <DSSRT_YN>가능</DSSRT_YN>
    <MNU>뉴욕스트립스테이크 23,500원 치킨쿼사딜라 18,700원잭다니엘 스테이크 33,600원 콤비네이션스테이크 36,300원케이준후라이드치킨셀러드 20,400원 잭다니엘클레이즈립 35,800원</MNU>
    <SMPL_DESC>한국최초의 아메리카 정통캐주얼 다이닝 레스토랑으로 다양한 음식으로 고객을 접대하고 있다. 미국식 요리에서, 메시칸 요리, 이탈리아요리, 한식 및 칵테일까지 다양한 음식 제공.</SMPL_DESC>
    <SBW>지하철 2호선 범어역 11번 출구 약 270m</SBW>
    <FD_CS>양식</FD_CS>
  </row>
  <row>
    <GNG_CS>수성구</GNG_CS>
    <BUS>버스 정류장은 `대구고용노동청앞` 정류장이 가장 가깝습니다.</BUS>
    <BZ_NM>아웃백스테이크 하우스 황금점</BZ_NM>
    <TLNO>053-768-7011</TLNO>
    <MBZ_HR>12:00 ~ 23:00</MBZ_HR>
    <SEAT_CNT>248석(룸1)</SEAT_CNT>
    <PKPL>50대</PKPL>
    <HP>www.outback.co.kr</HP>
    <PSB_FRN>영어 기타 ()</PSB_FRN>
    <BKN_YN>가능</BKN_YN>
    <INFN_FCL>불가능</INFN_FCL>
    <BRFT_YN>불가능</BRFT_YN>
    <DSSRT_YN>가능</DSSRT_YN>
    <MNU>베이비백립 32,900원 갈릭립아이 34,500원생과일주스 6,700원 치킨텐더샐러드 19,900원블랙라벨스케이크 39,000원</MNU>
    <SMPL_DESC>세계적인 스테이크전문 패밀리 레스토랑. 이곳은 아웃백 스테이크 하우스의 황금동 지점이다. 가족과 연인이 함께 즐길 수 있는 패밀리 레스토랑이다.</SMPL_DESC>
    <SBW>지하철 3호선 수성구민운동장역 1번 출구 약 360m</SBW>
    <FD_CS>양식</FD_CS>
  </row>
  <row>
    <GNG_CS>수성구</GNG_CS>
    <BUS>버스 정류장은 `수성관광호텔앞` 정류장이 가장 가깝습니다.</BUS>
    <BZ_NM>아사다라</BZ_NM>
    <TLNO>053-765-9999</TLNO>
    <MBZ_HR>10:00 ~ 22:00</MBZ_HR>
    <SEAT_CNT>236석(룸19)</SEAT_CNT>
    <PKPL>45대</PKPL>
    <HP>www.asadara.com/</HP>
    <PSB_FRN>영어 기타 ()</PSB_FRN>
    <BKN_YN>가능</BKN_YN>
    <INFN_FCL>불가능</INFN_FCL>
    <BRFT_YN>불가능</BRFT_YN>
    <DSSRT_YN>가능</DSSRT_YN>
    <MNU>한우갈비살(100g) 40,000원 양념한우갈비살(100g) 40,000원한우양념갈비(200g) 40,000원 안창살(100g) 45,000원꽃등심(100g) 43,000원 한정식 35000 ~88,000원* 점심특선(평일1200~1430) 아사정식 18,000원다라정식 28,000원 * Break Time 1430 ~ 1700고기는 가능(한정식 불가)</MNU>
    <SMPL_DESC>맛있는 곳, 가고싶은 곳, 편안한 곳, 여유있는 곳을 지향하는 한우고기전문점인 이 곳은 울타리와 정원으로 이루어진 주변경관이 먹는 즐거움을 한층 더해준다. 주변 경관이나 실내 분위기가 대구에서 최고의 수준이다.</SMPL_DESC>
    <SBW>주변에 지하철이 없습니다. 가장 가까운 지하철은 3호선 수성못역 1번 출구 약 1.2km</SBW>
    <FD_CS>한식</FD_CS>
  </row>
  <row>
    <GNG_CS>서구</GNG_CS>
    <BUS>버스 정류장은 `경운초등학교건너` 정류장이 가장 가깝습니다.</BUS>
    <BZ_NM>신성회집식당</BZ_NM>
    <TLNO>053-552-9988</TLNO>
    <MBZ_HR>11:00 ~ 24:00</MBZ_HR>
    <SEAT_CNT>60석</SEAT_CNT>
    <PKPL>20대</PKPL>
    <HP>없음</HP>
    <PSB_FRN>기타 ()</PSB_FRN>
    <BKN_YN>가능</BKN_YN>
    <INFN_FCL>불가능</INFN_FCL>
    <BRFT_YN>불가능</BRFT_YN>
    <DSSRT_YN>가능</DSSRT_YN>
    <MNU>회코스 45,000원 회정식 20,000원 ~ 30,000원생선초밥 15,000원 ~ 20,000원 회덮밥/물회 15,000원도다리/감성돔(시세)</MNU>
    <SMPL_DESC>신선한 자연산 활어만을 취급하며 정갈하고 깔끔한 다양한 종류의 음식과 초밥 등을 즐길 수 있습니다.</SMPL_DESC>
    <SBW>지하철 2호선 두류역 18번 출구 약 520m</SBW>
    <FD_CS>일식</FD_CS>
  </row>
  <row>
    <GNG_CS>서구</GNG_CS>
    <BUS>버스 정류장은 `현대해상건너` 정류장이 가장 가깝습니다.</BUS>
    <BZ_NM>손복자부산할매낙지</BZ_NM>
    <TLNO>053-554-9475</TLNO>
    <MBZ_HR>11:00 ~ 23:30</MBZ_HR>
    <SEAT_CNT>200석</SEAT_CNT>
    <PKPL>50대</PKPL>
    <HP>없음</HP>
    <PSB_FRN>기타 ()</PSB_FRN>
    <BKN_YN>가능</BKN_YN>
    <INFN_FCL>불가능</INFN_FCL>
    <BRFT_YN>불가능</BRFT_YN>
    <DSSRT_YN>가능</DSSRT_YN>
    <MNU>낙지전골(1인분) 8,000원 낙지볶음(밥별도) 7,000원산낙지전골 13,000원 산낙지볶음 13,000원산낙지회 30,000원</MNU>
    <SMPL_DESC>각종 한약재를 첨가한 육수에 신선한 무안낙지와 해산물, 쇠고기, 각종 야채를 함께 끓여내어 숙취해소와 스테미너 증가에 도움을 준다.산낙지 매니아들에겐 공인된 업소이며 대구 최초의 산낙지 전문점이다. 진한 국물맛과 낙지의 쫀득함을 함께 느낄 수 있는 산 낙지전골 특히 낙지와 갖은 양념에 버무려 볶아먹는 산 낙지의 볶음은 매콤한 양념과 부드러운 낙지, 흰밥의 조화가 환상적이다.----------------------------------------------------------------------------------------------------------------------------------------------- 꾸준하게 손님들에게 사랑받는 낙지 집, 이미 많은 이들에게 낙지로 잘 알려진 유명한 낙지전문점이다. 낙지를 전문으로 하는 음식점인 만큼 대구에서 낙지요리의 대가로 불리는 손복자할매낙지. 이곳에서는 낙지회, 전골, 볶음, 해물전 등 다양한 낙지메뉴가 입맛을 사로잡는다. 허허벌판으로 남아있던 두류네거리에서 20여 년 전 손복자 사장에 의해 알려지면서 이 동네 일대가 유명해졌다 해도 과언이 아니다. 특히 살얼음이 동동 뜬 동치미와 담백한 밑반찬은 별 양념이 없어도 맛깔스럽다. 이 집에 가장 돋보이는 것은 친절서비스이다. 손복자 사장의 확고한 경영마인드가 돋보이는 대목이기도 하다. 또한 주방 아주머니들이 오랜 손맛의 노하우도 인기 비결의 하나다. 이 밖에도 손 사장은 보람있는 봉사활동으로 인해 복지사업에서도 특별한 가치를 두고 있다. 맛과 정성, 모든 삶이 묻어나는 손복자할매낙지.-출처 : 대구의 숨은 맛집을 찾아라-</SMPL_DESC>
    <SBW>지하철 2호선 두류역 17번 출구 약 250m</SBW>
    <FD_CS>한식</FD_CS>
  </row>
  <row>
    <GNG_CS>서구</GNG_CS>
    <BUS>버스 정류장은 `내당삼익맨션건너` 정류장이 가장 가깝습니다.</BUS>
    <BZ_NM>삼미</BZ_NM>
    <TLNO>053-571-0800</TLNO>
    <MBZ_HR>11:00 ~ 23:00</MBZ_HR>
    <SEAT_CNT>250석(룸7)</SEAT_CNT>
    <PKPL>60대</PKPL>
    <HP>없음</HP>
    <PSB_FRN>기타 ()</PSB_FRN>
    <BKN_YN>가능</BKN_YN>
    <INFN_FCL>불가능</INFN_FCL>
    <BRFT_YN>불가능</BRFT_YN>
    <DSSRT_YN>가능</DSSRT_YN>
    <MNU>특생갈비(150g) 30,000원 안창살(100g) 27,000원생갈비(100g) 22,000원 양념갈비(100g) 20,000원특갈비살(100g) 25,000원 갈비살(100g) 20,000원생등심(100g) 22,000원 불고기(230g) 12,000원육회(200g) 22,000원 육회비빔밥 12,000원구기자영양돌솥밥 5,000원 오리한마리/반마리 18,000원/9,000원고추장불고기(1마리) 22,000원 훈제오리(1마리) 22,000원</MNU>
    <SMPL_DESC>싱싱한 재료를 이용한 담백하고 시원한 해산물 요리와 깨끗하고 고급스러운 인테리어와 최고의 서비스가 특징이고, 대형 주차장과 넓은 객장을 갖추고 있다.</SMPL_DESC>
    <SBW>지하철 2호선 두류역 18번 출구 약 470m</SBW>
    <FD_CS>한식</FD_CS>
  </row>
  <row>
    <GNG_CS>서구</GNG_CS>
    <BUS>버스 정류장은 `내당삼익맨션건너` 정류장이 가장 가깝습니다.</BUS>
    <BZ_NM>남강장어 광장점</BZ_NM>
    <TLNO>053-571-9595</TLNO>
    <MBZ_HR>11:30 ~ 23:30</MBZ_HR>
    <SEAT_CNT>150석</SEAT_CNT>
    <PKPL>30대</PKPL>
    <HP>없음</HP>
    <PSB_FRN>기타 ()</PSB_FRN>
    <BKN_YN>가능</BKN_YN>
    <INFN_FCL>불가능</INFN_FCL>
    <BRFT_YN>불가능</BRFT_YN>
    <DSSRT_YN>가능</DSSRT_YN>
    <MNU>남강 천하명장구이 35,000원 홍삼한방장어구이 39,000원한방장어구이 37,000원 장어탕 10,000원장삼탕 13,000원</MNU>
    <SMPL_DESC>소스는 26가지 한약재와 22가지의 천연식자재를 이틀에 걸쳐 고은 다음 장어에 발라서 구워내며 끊임없는 장어요리 연구로 손님의 건강을 최우선으로 생각하고 있습니다.</SMPL_DESC>
    <SBW>지하철 2호선 두류역 18번 출구 약 340m</SBW>
    <FD_CS>한식</FD_CS>
  </row>
  <row>
    <GNG_CS>북구</GNG_CS>
    <BUS>버스 정류장은 `전자상가` 정류장이 가장 가깝습니다.</BUS>
    <BZ_NM>청나라손짜장</BZ_NM>
    <TLNO>053-382-7120</TLNO>
    <MBZ_HR>10:00 ~ 21:00</MBZ_HR>
    <SEAT_CNT>75석</SEAT_CNT>
    <PKPL>30대</PKPL>
    <HP>없음</HP>
    <PSB_FRN>기타 ()</PSB_FRN>
    <BKN_YN>가능.</BKN_YN>
    <INFN_FCL>불가능</INFN_FCL>
    <BRFT_YN>불가능</BRFT_YN>
    <DSSRT_YN>불가능</DSSRT_YN>
    <MNU>짜장면 4,000원 짬뽕 6,000원탕수육 14,000원</MNU>
    <SMPL_DESC>옛날 추억의 손맛과 중국의 분위기를 함께 느낄수 있는 중국 음식점이다.</SMPL_DESC>
    <SBW>주변에 지하철이 없습니다.</SBW>
    <FD_CS>중식</FD_CS>
  </row>
  <row>
    <GNG_CS>북구</GNG_CS>
    <BUS>버스 정류장은 `중소기업관앞` 정류장이 가장 가깝습니다.</BUS>
    <BZ_NM>부용</BZ_NM>
    <TLNO>053-381-8700</TLNO>
    <MBZ_HR>11:30 ~ 22:00</MBZ_HR>
    <SEAT_CNT>400석(룸22)</SEAT_CNT>
    <PKPL>공영주차장</PKPL>
    <HP>없음</HP>
    <PSB_FRN>영어 기타 ()</PSB_FRN>
    <BKN_YN>가능</BKN_YN>
    <INFN_FCL>불가능</INFN_FCL>
    <BRFT_YN>불가능</BRFT_YN>
    <DSSRT_YN>가능</DSSRT_YN>
    <MNU>전가복 75,000원 짬뽕 8,000원파인애플탕수육 24,000원 부용백짬뽕 8,000원</MNU>
    <SMPL_DESC>최고의 분위기에서 중국의 맛과 친절을 고집하는 중화요리 전문 음식점이다.</SMPL_DESC>
    <SBW>주변에 지하철이 없습니다.</SBW>
    <FD_CS>중식</FD_CS>
  </row>
  <row>
    <GNG_CS>북구</GNG_CS>
    <BUS>버스 정류장은 `한국패션센터` 정류장이 가장 가깝습니다.</BUS>
    <BZ_NM>낭만에대하여</BZ_NM>
    <TLNO>053-383-3486</TLNO>
    <MBZ_HR>17:00 ~ 02:00</MBZ_HR>
    <SEAT_CNT>80석</SEAT_CNT>
    <PKPL>15대</PKPL>
    <HP>없음</HP>
    <PSB_FRN>기타 ()</PSB_FRN>
    <BKN_YN>가능</BKN_YN>
    <INFN_FCL>불가능</INFN_FCL>
    <BRFT_YN>불가능</BRFT_YN>
    <DSSRT_YN>가능</DSSRT_YN>
    <MNU>돈까스 20,000원 커피 5,000원마른안주 20,000원 과일안주 30,000원오징어 땅콩 15,000원 (주류판매)</MNU>
    <SMPL_DESC>주인이 만든 특유의 돈까스와 소스, 그리고 음악이 있는 경양식전문 음식점이다.</SMPL_DESC>
    <SBW>주변에 지하철이 없습니다.</SBW>
    <FD_CS>양식</FD_CS>
  </row>
  <row>
    <GNG_CS>북구</GNG_CS>
    <BUS>버스 정류장은 `한국패션센터` 정류장이 가장 가깝습니다.</BUS>
    <BZ_NM>봉창이해물칼국수(산격점)</BZ_NM>
    <TLNO>053-383-0110</TLNO>
    <MBZ_HR>10:00 ~ 22:00</MBZ_HR>
    <SEAT_CNT>72석</SEAT_CNT>
    <PKPL>10대</PKPL>
    <HP>없음</HP>
    <PSB_FRN>기타 ()</PSB_FRN>
    <BKN_YN>가능</BKN_YN>
    <INFN_FCL>불가능</INFN_FCL>
    <BRFT_YN>불가능</BRFT_YN>
    <DSSRT_YN>가능</DSSRT_YN>
    <MNU>해물칼국수 6,000원 찜만두 4,000원막국수 6,000원 얼큰칼국수 6,000원해초비빔밥 5500 해물파전 8000모듬샤브 8000</MNU>
    <SMPL_DESC>싱싱한 해물로 우려낸 육수로 손님의 입맛을 돋우는 칼국수 전문 음식점이다.</SMPL_DESC>
    <SBW>주변에 지하철이 없습니다.</SBW>
    <FD_CS>한식</FD_CS>
  </row>
  <row>
    <GNG_CS>북구</GNG_CS>
    <BUS>버스 정류장은 `한국패션센터` 정류장이 가장 가깝습니다.</BUS>
    <BZ_NM>용원</BZ_NM>
    <TLNO>053-382-3472</TLNO>
    <MBZ_HR>09:30 ~ 21:30</MBZ_HR>
    <SEAT_CNT>130석</SEAT_CNT>
    <PKPL>20대</PKPL>
    <HP>없음</HP>
    <PSB_FRN>기타 ()</PSB_FRN>
    <BKN_YN>가능</BKN_YN>
    <INFN_FCL>불가능</INFN_FCL>
    <BRFT_YN>불가능</BRFT_YN>
    <DSSRT_YN>가능</DSSRT_YN>
    <MNU>짜장면 5,000원 짬뽕 6,000원홍합짬뽕 7,000원 삼선짬뽕 7,000원홍합쟁반야끼우동(2일) 16,000원</MNU>
    <SMPL_DESC>수타 짜장면집이다. 짜장면과 짬뽕이 맛있는 집</SMPL_DESC>
    <SBW>주변에 지하철이 없습니다.</SBW>
    <FD_CS>중식</FD_CS>
  </row>
  <row>
    <GNG_CS>북구</GNG_CS>
    <BUS>버스 정류장은 `산격초등학교건너` 정류장이 가장 가깝습니다.</BUS>
    <BZ_NM>곡해초복어칼국수</BZ_NM>
    <TLNO>053-959-2651</TLNO>
    <MBZ_HR>10:00 ~ 22:00</MBZ_HR>
    <SEAT_CNT>44석</SEAT_CNT>
    <PKPL>인근 주차장</PKPL>
    <HP>없음</HP>
    <PSB_FRN>기타 ()</PSB_FRN>
    <BKN_YN>가능</BKN_YN>
    <INFN_FCL>불가능</INFN_FCL>
    <BRFT_YN>불가능</BRFT_YN>
    <DSSRT_YN>가능</DSSRT_YN>
    <MNU>복어칼국수 6,000원 밀복탕 12,000원찜 25,000원 ~ 30,000원 복어탕 8,000원</MNU>
    <SMPL_DESC>쇠고기와 함께 곡물, 해초, 약초로 만든 별미 칼국수를 즐길수 있는 음식점이다.</SMPL_DESC>
    <SBW>주변에 지하철이 없습니다.</SBW>
    <FD_CS>한식</FD_CS>
  </row>
  <row>
    <GNG_CS>북구</GNG_CS>
    <BUS>버스 정류장은 `북대구초등학교건너` 정류장이 가장 가깝습니다.</BUS>
    <BZ_NM>해송복어</BZ_NM>
    <TLNO>053-382-2224</TLNO>
    <MBZ_HR>10:00 ~ 22:00</MBZ_HR>
    <SEAT_CNT>2실 100석</SEAT_CNT>
    <PKPL>공영주차장</PKPL>
    <HP>없음</HP>
    <PSB_FRN>기타 ()</PSB_FRN>
    <BKN_YN>가능</BKN_YN>
    <INFN_FCL>불가능</INFN_FCL>
    <BRFT_YN>불가능</BRFT_YN>
    <DSSRT_YN>가능</DSSRT_YN>
    <MNU>복어수육 35,000원 복어지리(밥포함) 9,000원복어탕(밥포함) 9,000원 복어불고기 12,000원밀복탕(밀복지리) 밥포함 15,000원 복어찜 25,000원 ~ 35,000원기타 어린이 돈까스 볶음밥 해물찜 아구찜 가오리찜 등 다양한 메뉴가 있습니다.</MNU>
    <SMPL_DESC>북구청에서 추천해준 북구 맛집으로 최상의 재료만을 사용한 복어 맛의 진수를 주장하는 복어전문 음식점이다. 복불고기를 먹고 나면 그 위에 볶음밥을 해서 먹을 수 있다.</SMPL_DESC>
    <SBW>주변에 지하철이 없습니다.</SBW>
    <FD_CS>한식</FD_CS>
  </row>
</foodrtrt>

